hong kong,f,3750
hong kong,m,3750
india,f,151.5151515
india,m,151.5151515
london,f,59701.49254
london,m,59701.49254
singapore,f,33333.33333
singapore,m,33333.33333
us,f,20000
us,m,20000
